{
  "project_info": {
    "project_number": "486853553748",
    "project_id": "mypolylect",
    "storage_bucket": "mypolylect.appspot.com"
  },
  "client": [
    {
      "client_info": {
        "mobilesdk_app_id": "1:486853553748:android:a133c60a7baa7376d787c1",
        "android_client_info": {
          "package_name": "Robin.Do"
        }
      },
      "oauth_client": [],
      "api_key": [
        {
          "current_key": "AIzaSyAo2srW6PsrUwJRkaD12mW5oNS-RisjO_E"
        }
      ],
      "services": {
        "appinvite_service": {
          "other_platform_oauth_client": []
        }
      }
    }
  ],
  "configuration_version": "1"
}